"","ADHD","Diabetes","OTC","Branded","Rygestop","Astma","RX"
"1",0.0176082508943692,0.0933582690857971,0.101147842809537,0.0663186775939137,0.00888598063324295,0.143328587361575,0.569352391621565
"2",0.0569582861668538,0.0882058745027222,0.0275992163902063,0.204070662142433,0.00153386058315583,0.132554135541143,0.489077964673486
"3",0.0120517148955043,0.0407795891166432,0.0647223155875286,0.0841265893825592,0.00721150399386144,0.0510415486222644,0.740066738401639
"4",0.00540397442957249,0.0366716939906069,0.251005979704156,0.351871808973505,0.0520984843357447,0.0419523145337977,0.260995744032617
"5",0.0811305505960169,0.0864250020701261,0.100063614734584,0.0743234024292699,0.0120548922361304,0.118140017608255,0.527862520325617
"6",0.0154907455105276,0.0822814732634486,0.13369163771225,0.100360229306532,0.0402362068946975,0.127964769023932,0.499974938288612
"7",0.0467641225886601,0.173552876141574,0.102953122671278,0.0765989040672091,0.0108126655784275,0.118706392308995,0.470611916643856
