"","OTC","Branded","RX"
"1",0.0257527592593281,0.207262604411193,0.766984636329479
"2",0.123799856926827,0.019912506626917,0.856287636446256
"3",0.329177341565854,0.330774609508828,0.340048048925318
